{"\"\"\"i": [-2.459791421890259, -3.036165237426758], "\"\"i": [-4.353842735290527, -3.358365774154663], "\"#seducemein4words": [-0.9864820241928101, -2.4905691146850586], "\"i": [-16.29664421081543, -5.333395004272461], "#amwriting": [-21.72882843017578, -6.169345378875732], "#avengers": [13.700141906738281, 0.2158307433128357], "#avengers4": [13.579580307006836, -0.24534401297569275], "#avengers4trailer": [12.90416431427002, 0.059411101043224335], "#avengersendgame": [14.649493217468262, -0.14070364832878113], "#badthingstohideinyourpants": [17.521299362182617, -0.31540584564208984], "#christmas": [15.116265296936035, -0.16973212361335754], "#christmas2018": [14.69594955444336, -0.43492746353149414], "#christmasparty": [14.643296241760254, -0.38853779435157776], "#christmastree": [16.04420280456543, -0.18805229663848877], "#crazyexgirlfriend": [17.77364730834961, -0.3417941629886627], "#dumplin": [17.651350021362305, -0.32883334159851074], "#flashbackfriday": [12.158153533935547, -0.44871944189071655], "#fridayfeeling": [12.71449089050293, -0.40955010056495667], "#fridaymotivation": [12.291662216186523, -0.3727143406867981], "#fridaythoughts": [13.940064430236816, -0.29395240545272827], "#grammys": [14.309823989868164, -0.06589000672101974], "#happybirthdaynicki": [17.693727493286133, -0.33346790075302124], "#iftwitterwasareligion": [17.565940856933594, -0.32001185417175293], "#iheartjingleball": [17.77008628845215, -0.3410959839820862], "#individual1": [-19.59552001953125, -5.74360466003418], "#iphone": [14.650405883789062, 0.5977909564971924], "#iphone6": [14.224013328552246, 0.8272913694381714], "#iphone7plus": [14.265665054321289, 0.6006408333778381], "#iphone8plus": [14.517727851867676, 0.656785249710083], "#iphonex": [14.047061920166016, 0.6790081858634949], "#iphonexr": [13.892669677734375, 0.7737435102462769], "#iphonexs": [14.496928215026855, 0.5779598355293274], "#iphonexsmax": [14.377374649047852, 0.7826815843582153], "#livepd": [17.644445419311523, -0.32787954807281494], "#metinsacramento": [17.694284439086914, -0.33348655700683594], "#newmusicfriday": [13.123519897460938, 0.16944539546966553], "#newyear2019": [15.311527252197266, -0.2203371524810791], "#newyearseve": [14.960015296936035, -0.26444441080093384], "#newyork": [12.437657356262207, -0.655876636505127], "#newyorkforever": [12.633593559265137, -0.4510518014431], "#nyc": [12.55593490600586, -0.4520922303199768], "#oscars2019": [13.400485038757324, 0.0527069978415966], "#rhopenhouse": [13.243534088134766, -0.2791580557823181], "#rich": [17.31110382080078, -0.29360663890838623], "#samsung": [13.418547630310059, 0.6355211734771729], "#seducemein4words": [4.028993606567383, -0.48340848088264465], "#seducemein4words\"": [2.8672757148742676, -2.006999969482422], "#theatre": [-16.715530395507812, -5.480332851409912], "&": [-3.3264007568359375, -3.1608383655548096], ".": [-20.38178062438965, -5.92279577255249], "@amazon": [13.771773338317871, -0.3650000989437103], "@hashtagroundup": [-14.228747367858887, -5.028865337371826], "@mcdonalds": [-18.523283004760742, -5.4336018562316895], "america": [-18.522584915161133, -5.981837749481201], "available": [-21.201313018798828, -6.094226360321045], "baby": [-4.316965579986572, -3.3452184200286865], "back": [0.9387732744216919, -2.294651508331299], "bought": [3.807649612426758, -1.6358250379562378], "boy": [-18.66663932800293, -5.500925064086914], "bread": [-16.24861717224121, -5.312709808349609], "bring": [3.6706275939941406, -1.6133960485458374], "brought": [2.373596429824829, -1.8156331777572632], "buy": [15.231236457824707, 0.09399782121181488], "cheese": [-5.850314140319824, -3.62550687789917], "cheese.": [-5.072921276092529, -3.500699043273926], "chicken": [-1.3564105033874512, -2.8230597972869873], "chocolate": [-2.3017191886901855, -3.075993061065674], "come": [3.1588616371154785, -2.0173890590667725], "coming": [-10.010637283325195, -4.59141731262207], "cook": [-10.3994722366333, -4.349794864654541], "cookies": [-16.099063873291016, -5.340468883514404], "credit": [-16.156864166259766, -5.323143005371094], "dad": [-11.404938697814941, -4.305088520050049], "dance": [-4.1088032722473145, -3.3115034103393555], "daredevil": [-8.224482536315918, -4.080292701721191], "dinner": [-2.619699239730835, -2.9976820945739746], "dishes": [11.750554084777832, -0.10491731017827988], "dog": [-19.88184928894043, -5.784458637237549], "donald": [-4.839484691619873, -3.4525625705718994], "eat": [-6.365996360778809, -3.7182250022888184], "extra": [-12.112435340881348, -5.093104362487793], "food": [-0.07529278844594955, -2.4714300632476807], "food.": [-12.900392532348633, -4.685303688049316], "food.\"\"": [-20.99275016784668, -6.059268951416016], "free": [1.3648933172225952, -2.6342504024505615], "friday": [-9.688509941101074, -4.093657493591309], "fuck": [-12.776307106018066, -5.0792717933654785], "game": [-9.391502380371094, -4.554823875427246], "get": [1.576830267906189, -1.9544392824172974], "give": [-8.090497016906738, -4.35630464553833], "go": [2.5089924335479736, -1.7389345169067383], "going": [-1.5611821413040161, -3.030880928039551], "good": [-8.519821166992188, -4.326775074005127], "got": [0.9769077301025391, -2.1985321044921875], "great": [-6.8380351066589355, -4.084043025970459], "harper": [3.6098060607910156, -2.3440260887145996], "hate": [4.775091171264648, -2.002657175064087], "here's": [-5.586670875549316, -3.5794012546539307], "high": [-12.082062721252441, -4.289913177490234], "hillary": [-6.285553455352783, -3.7833077907562256], "home": [3.8102848529815674, -2.222245693206787], "hot": [-8.061484336853027, -3.905306816101074], "house": [-1.5726606845855713, -3.1006786823272705], "i'll": [4.741852760314941, -1.4507070779800415], "i'm": [-0.46957704424858093, -2.6015684604644775], "ice": [-1.9601054191589355, -2.626241683959961], "ill": [4.948032379150391, -1.7524012327194214], "impeached": [-12.033235549926758, -4.8236589431762695], "individual": [-1.9973255395889282, -2.670992612838745], "inside": [-20.81559181213379, -6.026858329772949], "it.": [-19.86275291442871, -6.045403480529785], "i\u2019ll": [1.3232016563415527, -2.3691132068634033], "i\u2019m": [0.7685160636901855, -2.554569959640503], "james": [-19.391077041625977, -5.585111141204834], "judge": [-12.24809455871582, -4.532007694244385], "kids": [-6.745122909545898, -3.701631546020508], "kiss": [-12.716428756713867, -4.5501861572265625], "know": [-9.69723129272461, -4.4077229499816895], "leave": [-7.284787178039551, -4.039361953735352], "let": [-16.4824161529541, -5.530060291290283], "let's": [4.43768310546875, -1.466213583946228], "lets": [2.4724979400634766, -2.3551363945007324], "let\u2019s": [0.2676622271537781, -2.2851459980010986], "library": [-15.227212905883789, -5.196930408477783], "like": [1.5100380182266235, -2.454547643661499], "listen": [-16.708444595336914, -5.3017659187316895], "look": [-13.089241981506348, -4.963349342346191], "love": [3.949695110321045, -1.9587656259536743], "made": [-0.9720248579978943, -2.8637568950653076], "make": [1.4446766376495361, -2.6128087043762207], "me.": [-17.669702529907227, -5.351595878601074], "me:": [-17.536014556884766, -5.7607011795043945], "mind": [-18.74283218383789, -5.953771591186523], "mom": [6.108665466308594, -1.4291507005691528], "money": [-11.455053329467773, -4.791097640991211], "mueller": [-11.953965187072754, -4.506474494934082], "need": [-15.30009651184082, -5.195906639099121], "netflix": [-9.535717010498047, -4.148361682891846], "never": [-0.7948445081710815, -2.8396685123443604], "new": [2.440200090408325, -2.373262405395508], "next": [-17.415233612060547, -5.757089614868164], "ordered": [-10.793587684631348, -4.532291412353516], "paid": [-10.873123168945312, -4.535840034484863], "pamper": [4.094783782958984, -2.568984031677246], "pass": [-17.2998046875, -5.449751853942871], "pay": [4.989201068878174, -1.4076552391052246], "phone": [4.172450065612793, -2.370140790939331],