{"\"\"\"i": [0.019558224827051163, 2.0213754177093506], "\"\"i": [0.23596231639385223, 0.9469054341316223], "\"#seducemein4words": [0.5781450271606445, 2.3229494094848633], "\"i": [-7.747016906738281, -11.98908805847168], "#amwriting": [-9.918021202087402, -15.284055709838867], "#avengers": [6.066072463989258, 13.147913932800293], "#avengers4": [6.443459987640381, 14.010583877563477], "#avengers4trailer": [6.5464606285095215, 13.424290657043457], "#avengersendgame": [6.694602966308594, 13.708843231201172], "#badthingstohideinyourpants": [8.54390811920166, 17.478412628173828], "#christmas": [7.841573238372803, 15.725785255432129], "#christmas2018": [7.6016058921813965, 14.638524055480957], "#christmasparty": [7.360314846038818, 14.204298973083496], "#christmastree": [7.9054412841796875, 16.03668975830078], "#crazyexgirlfriend": [8.618325233459473, 17.647401809692383], "#dumplin": [8.561067581176758, 17.51946449279785], "#flashbackfriday": [6.320420742034912, 12.950161933898926], "#fridayfeeling": [6.162205219268799, 12.810277938842773], "#fridaymotivation": [5.708538055419922, 11.917461395263672], "#fridaythoughts": [6.978508472442627, 14.356884002685547], "#grammys": [6.253909587860107, 13.504300117492676], "#happybirthdaynicki": [8.584783554077148, 17.57977867126465], "#iftwitterwasareligion": [8.565765380859375, 17.525012969970703], "#iheartjingleball": [8.618008613586426, 17.64073371887207], "#individual1": [-8.00369644165039, -12.287644386291504], "#iphone": [6.946335315704346, 15.49716567993164], "#iphone6": [6.369626522064209, 14.528352737426758], "#iphone7plus": [6.814774036407471, 15.2343168258667], "#iphone8plus": [7.098631381988525, 15.552855491638184], "#iphonex": [7.3514204025268555, 15.383756637573242], "#iphonexr": [6.681906223297119, 14.868612289428711], "#iphonexs": [6.613536357879639, 15.064661979675293], "#iphonexsmax": [6.90451192855835, 15.219463348388672], "#livepd": [8.535470962524414, 17.457603454589844], "#metinsacramento": [8.602699279785156, 17.620840072631836], "#newmusicfriday": [6.721237659454346, 13.444072723388672], "#newyear2019": [7.601956844329834, 14.758289337158203], "#newyearseve": [7.499892711639404, 14.544623374938965], "#newyork": [5.842845439910889, 12.233696937561035], "#newyorkforever": [6.133742809295654, 12.858485221862793], "#nyc": [5.955480098724365, 12.438371658325195], "#oscars2019": [7.060170650482178, 14.32371711730957], "#rhopenhouse": [6.277723789215088, 13.860153198242188], "#rich": [8.511164665222168, 17.38861656188965], "#samsung": [6.530472755432129, 14.73797607421875], "#seducemein4words": [4.200601577758789, 7.828429698944092], "#seducemein4words\"": [1.2196329832077026, 3.8038079738616943], "#theatre": [-7.965830326080322, -11.601469039916992], "&": [-5.1905364990234375, -7.3452324867248535], ".": [-9.239712715148926, -14.069624900817871], "@amazon": [7.361997604370117, 14.918970108032227], "@hashtagroundup": [-5.879550457000732, -8.950759887695312], "@mcdonalds": [-8.674872398376465, -13.287997245788574], "america": [-8.463656425476074, -12.270560264587402], "available": [-9.770660400390625, -14.721951484680176], "baby": [-0.6558009386062622, 0.12638109922409058], "back": [-0.882362425327301, 0.12916511297225952], "bought": [3.4964962005615234, 7.699643611907959], "bread": [-4.261901378631592, -5.873410701751709], "bring": [3.0194358825683594, 6.401246070861816], "brought": [0.9463350772857666, 2.9271047115325928], "buy": [6.797383785247803, 13.462584495544434], "cheese": [-2.6101274490356445, -3.5620181560516357], "cheese.": [-0.39499229192733765, 0.17640893161296844], "chicken": [1.0073596239089966, 2.104518175125122], "chocolate": [-0.8598338961601257, -0.22541964054107666], "come": [2.5440545082092285, 5.968741416931152], "coming": [-3.179792881011963, -4.207460403442383], "cook": [-0.957584798336029, -0.5671793818473816], "cookies": [-7.8604631423950195, -11.4884033203125], "credit": [-4.276815891265869, -6.362903118133545], "dad": [-3.8330318927764893, -5.547214508056641], "dance": [-1.5561811923980713, -1.6439979076385498], "daredevil": [-3.757793664932251, -5.903484344482422], "dinner": [0.22747935354709625, 1.8052455186843872], "dishes": [6.469815731048584, 12.668499946594238], "dog": [-9.319565773010254, -13.78220272064209], "donald": [2.2416574954986572, 4.430429458618164], "eat": [0.48827028274536133, 2.788578987121582], "everything": [-6.71798038482666, -10.17177963256836], "extra": [-4.80271577835083, -7.2862067222595215], "food": [1.6442854404449463, 4.368361473083496], "food.": [-5.535211086273193, -8.227611541748047], "food.\"\"": [-9.748044967651367, -14.615056037902832], "free": [2.6406092643737793, 5.516870021820068], "friday": [-3.737438917160034, -5.9937615394592285], "fuck": [-0.8265111446380615, -0.7735620737075806], "game": [-4.586514472961426, -6.6504130363464355], "get": [2.416224718093872, 5.427587509155273], "give": [-6.271337985992432, -9.530539512634277], "go": [2.860708236694336, 5.737856864929199], "going": [1.8655623197555542, 3.7384088039398193], "good": [-1.4034994840621948, -1.3723453283309937], "got": [1.9116054773330688, 5.0273356437683105], "great": [-2.443798303604126, -3.2628214359283447], "harper": [3.421729564666748, 7.8865065574646], "hate": [4.346025466918945, 9.364984512329102], "here's": [-2.334770441055298, -3.0279622077941895], "high": [-3.696378469467163, -5.028885364532471], "hillary": [-4.515684604644775, -7.340726852416992], "home": [2.780811071395874, 6.215826034545898], "hot": [-3.2676777839660645, -4.535586357116699], "house": [1.1705197095870972, 3.4434092044830322], "i'll": [3.918402910232544, 8.456686019897461], "i'm": [1.613358974456787, 4.134541988372803], "ice": [-1.2310682535171509, -0.856389582157135], "ill": [3.891897439956665, 8.45436954498291], "individual": [-1.2017682790756226, -1.2332082986831665], "inside": [-9.765435218811035, -14.71320629119873], "it.": [-9.129218101501465, -13.339631080627441], "i\u2019ll": [1.239831566810608, 3.7978522777557373], "i\u2019m": [0.7624561786651611, 1.7040477991104126], "james": [-8.420462608337402, -12.156611442565918], "judge": [-2.7715904712677, -4.3318586349487305], "kids": [-5.2467474937438965, -7.721737861633301], "kiss": [-5.395557403564453, -8.030380249023438], "know": [0.10377632826566696, 1.5341217517852783], "leave": [0.023720277473330498, 1.6953387260437012], "let": [-7.339967250823975, -11.035253524780273], "let's": [2.280686855316162, 4.953165054321289], "lets": [2.0920417308807373, 5.449339389801025], "let\u2019s": [1.6786562204360962, 3.4993953704833984], "library": [-4.576632499694824, -7.678586006164551], "like": [0.7143873572349548, 1.9431748390197754], "listen": [-6.440297603607178, -9.783578872680664], "look": [-6.77304744720459, -10.245941162109375], "love": [2.89912748336792, 6.903510570526123], "made": [0.5870542526245117, 2.2753305435180664], "make": [-0.06946530938148499, 1.0419780015945435], "me.": [-6.587163925170898, -9.942770004272461], "me:": [-8.292078018188477, -12.826495170593262], "mind": [-7.644804000854492, -11.826005935668945], "money": [-3.8321502208709717, -5.32892370223999], "mueller": [-4.865161895751953, -7.843561172485352], "need": [-4.961278438568115, -7.031291961669922], "netflix": [-3.4235804080963135, -5.001745223999023], "never": [3.03312611579895, 6.8266706466674805], "new": [2.164719820022583, 5.042213439941406], "next": [-7.45737886428833, -11.193161010742188], "ordered": [-3.118844747543335, -4.201775074005127], "paid": [-3.6489577293395996, -4.607895374298096], "pamper": [3.615525484085083, 8.285932540893555], "pass": [-7.080067157745361, -10.673115730285645], "pay": [3.8643012046813965, 7.98975133895874], "phone": [3.4407103061676025, 8.143168449401855], "pizza": [1.2789087295532227, 2.9104034900665283], "pizza.": [-9.726662635803223, -14.58434009552002], "play": [0.31855645775794983, 1.2418780326843262], "please": [-7.898390293121338, -11.642212867736816], "read": [-2.0423452854156494, -2.5248260498046875],